interaction_type,pct
directive,29.420541308119624
feedback loop,12.245083676255144
learning,27.080406206093095
none,3.2389485842287633
task iteration,24.038560578408678
validation,3.972959594393916
